first,second,gender
A.,Glenn,male
Adam-Max,Tuchinsky,male
Akhil,Reed,male
Alea,Henle,female
Anna-Lisa,Cox,female
Antwain,Hunter,male
Arika,Easley,female
Asheesh,Kapur,male
Aston,Gonzalez,male
B.,Richard,male
B.J.,Lillis,unknown
Bayard,Miller,male
Brie,Swenson,female
C.,Edward,male
Cahon,Whiting,unknown
Cambridge,Ridley,female
Carey,M.,male
Carrol,Van,female
Casey,Schmitt,female
Cathleene,B.,female
Chandos,Brown,male
Charlton,W.,male
Chernoh,Sesay,male
Cho-chien,Feng,male
Cita,Cook,female
Comment.,Mark,male
Cristobal,Silva,male
Dael,Norwood,male
Dallett,Hemphill,male
Danae,Jacobson,female
Dickson,D.,male
Dr.,Susan,female
Duangkamol,Tantirungkij,unknown
E.,Lee,male
Eliga,Gould,male
elizabeth,Dow,female
F.,Thornton,male
Fabrício,Prado,male
Farley,Grubb,male
G.,Ugo,male
Gautham,Rao,male
H.,James,male
Hampton,Smith,male
Hannali,Spahin,female
Heesoo,Cho,unknown
Idolina,Hernandez,female
J.,Chris,male
J.L.,Calvin,male
J.R.,Kerr-ritchie,unknown
J.T.,Jamieson,male
Jamalin,Harp,female
Jeffers,Lennox,male
Jo,Ann,female
Jud,Campbell,male
Justene,G.,female
K.,Stephen,male
K.R.,Constantine,male
Ka-may,Cheng,female
Kabria,Baumgartner,female
Kameika,S.,female
Kanisorn,Wongsrichanalai,male
Kariann,Yokota,female
Kathyrn,Ashmun,female
Kinley,Brauer,male
Kyera,Singleton,female
L.,Diane,unknown
Larry.,E.,male
Laura-Eve,Moss,female
Lázaro,Lima,male
Lesley,J.,female
Lewright,B.,male
Linzy,Brekke,female
Lo,Faber,male
Luiz,Alberto,male
M.,Ruth,female
MacKenzie,Moore,female
Mairin,Odle,female
Marie-jeanne,Rossignol,female
Marixa,Lasso,female
Mary-jo,Kline,female
Maurie,McInnis,female
Meggan,A.,female
Mekala,Audain,female
Melissah,J.,female
Mellick,Voltz,unknown
Merril,Smith,male
Moren,McIntosh,unknown
N.,Ray,male
Neely,Bruce,unknown
Nelva,Williamson,female
Nemata,Blyden,female
Noelani,Arista,female
Norrece,T.,female
P.,Bradley,male
Padraig,Riley,male
Pope,Melish,female
R.,William,male
R.J.,Knight,unknown
Rashauna,Johnson,female
Rebeccah,Bechtold,female
Ric,Northrup,male
Rodolph,L.,male
Rogers,Smith,male
Rourke,Holland,male
Rubil,Morales,male
Ruma,Chopra,female
Rusty,Bouseman,male
S.,Charles,male
S.J.,Zhang,unknown
Songho,Ha,male
Sung,Yup,male
T.,Stephen,male
T.K.,Hunter,unknown
Thavolia,Glymph,female
Ussama,Makdisi,male
Vitor,Izecksohn,male
W.,J.,male
W.A.,Vaughan,unknown
W.M.P.,Dunne,male
Wai-chee,Dimock,female
Westenley,Alcenat,male
Whitman,H.,male
Whittington,B.,male
Wm.,P.,male
Wylma,Wates,female
Wythe,W.,male
